{"indexes":[{"v":{"$numberInt":"2"},"key":{"_id":{"$numberInt":"1"}},"name":"_id_"},{"v":{"$numberInt":"2"},"key":{"loginId":{"$numberInt":"1"}},"name":"loginId_1","background":true,"unique":true},{"v":{"$numberInt":"2"},"key":{"userId":{"$numberInt":"1"}},"name":"userId_1","background":true},{"v":{"$numberInt":"2"},"key":{"identifier":{"$numberInt":"1"}},"name":"identifier_1","background":true,"unique":true}],"uuid":"d6e20b6d606247d08fba16dc69cb91e9","collectionName":"user_login_profile","type":"collection"}